Label,# Samples,Average,Min,Max,Std. Dev.,Error %,Throughput,Received KB/sec,Sent KB/sec,Avg. Bytes
HTTP Request,20000,442,2,141421,4511.90,0.145%,140.07074,1259.77,36.20,9209.7
TOTAL,20000,442,2,141421,4511.90,0.145%,140.07074,1259.77,36.20,9209.7
