Label,# Samples,Average,Min,Max,Std. Dev.,Error %,Throughput,Received KB/sec,Sent KB/sec,Avg. Bytes
HTTP Request,20000,739,0,59307,2173.39,42.475%,314.22332,1971.63,46.78,6425.2
TOTAL,20000,739,0,59307,2173.39,42.475%,314.22332,1971.63,46.78,6425.2
