Label,# Samples,Average,Min,Max,Std. Dev.,Error %,Throughput,Received KB/sec,Sent KB/sec,Avg. Bytes
HTTP Request,50000,366,0,116803,2654.72,71.962%,426.28290,1864.68,30.93,4479.3
TOTAL,50000,366,0,116803,2654.72,71.962%,426.28290,1864.68,30.93,4479.3
