Label,# Samples,Average,Min,Max,Std. Dev.,Error %,Throughput,Received KB/sec,Sent KB/sec,Avg. Bytes
HTTP Request,30000,489,0,69359,2248.19,52.517%,420.03276,2363.70,51.61,5762.5
TOTAL,30000,489,0,69359,2248.19,52.517%,420.03276,2363.70,51.61,5762.5
