Label,# Samples,Average,Min,Max,Std. Dev.,Error %,Throughput,Received KB/sec,Sent KB/sec,Avg. Bytes
HTTP Request,20000,422,4,33234,1482.80,0.000%,463.09160,4163.01,119.84,9205.3
TOTAL,20000,422,4,33234,1482.80,0.000%,463.09160,4163.01,119.84,9205.3
